respondent_id,sex,program,preparation_mode,preparedness_score,preparedness_level,lecture_score,lab_completed
R25,Female,BSCS,with_ai,3.8125,High,73,Completed
R04,Male,BSCS,with_ai,3.625,High,76,Completed
R07,Male,BSCS,with_ai,4.5,Very High,65,Completed
R01,Male,BSCS,with_ai,4.125,High,42,Completed
R02,Female,BSCS,with_ai,3.6875,High,61,Completed
R11,Male,BSCS,with_ai,4.25,Very High,44,Completed
R14,Male,BSCS,without_ai,3.375,Moderate,37,Completed
R18,Female,BSCS,with_ai,2.6875,Moderate,52,Completed
R22,Male,BSCS,with_ai,2.9375,Moderate,60,Completed
R05,Male,BSCS,with_ai,4.9375,Very High,79,Completed
R16,Male,BSCS,with_ai,3.9375,High,83,Completed
R10,Female,BSCS,with_ai,4.6875,Very High,73,Completed
R06,Male,BSCS,with_ai,3,Moderate,84,Completed
R19,Male,BSCS,without_ai,3.25,Moderate,74,Completed
R23,Male,BSCS,with_ai,3.5625,High,53,Completed
R34,Male,BSDSA,with_ai,4.75,Very High,100,Completed
R40,Female,BSDSA,without_ai,3,Moderate,58,Completed
R46,Male,BSDSA,without_ai,3.3125,Moderate,52,Completed
R30,Male,BSDSA,without_ai,3.3125,Moderate,56,Completed
R50,Male,BSDSA,without_ai,2.375,Low,31,Not completed
R39,Female,BSDSA,without_ai,2.625,Moderate,47,Completed
R47,Female,BSDSA,with_ai,3.9375,High,60,Completed
R44,Male,BSDSA,with_ai,4.4375,Very High,65,Completed
R27,Female,BSDSA,with_ai,3.6875,High,80,Completed
R35,Male,BSDSA,with_ai,3.625,High,51,Completed
R45,Female,BSDSA,with_ai,3.625,High,65,Completed
R48,Male,BSDSA,with_ai,4.25,Very High,83,Completed
R37,Female,BSDSA,without_ai,3.4375,High,54,Not completed
R26,Female,BSDSA,with_ai,3.625,High,61,Completed
R29,Male,BSDSA,with_ai,4,High,74,Completed
